id_persona,id_hogar,departamento,area,sexo,edad,ocupado,ingreso,factor_expansion
506,215,Santander,Urbana,H,30,1,1228000.0,334.99
538,352,Bogota,Urbana,M,47,1,1646000.0,409.51
618,246,Bogota,Urbana,H,23,1,,422.66
305,339,Valle,Urbana,H,61,1,825000.0,121.11
98,340,Antioquia,Rural,M,18,1,1998000.0,222.81
620,156,Valle,Rural,H,68,0,,323.64
350,180,Valle,Urbana,H,83,1,13210000.0,456.24
1151,149,Valle,Urbana,H,38,0,,420.46
668,56,Antioquia,Urbana,H,26,0,,337.25
690,155,Bogota,Rural,M,10,,,175.57
563,87,Antioquia,Rural,M,52,1,1811000.0,333.07
353,76,Antioquia,Urbana,M,52,1,3450000.0,217.11
499,291,Narino,Urbana,M,49,1,737000.0,422.54
617,79,Valle,Urbana,M,66,1,995000.0,247.87
58,15,Bogota,Rural,M,85,1,2529000.0,382.51
875,11,Bogota,Urbana,M,79,0,,460.1
564,186,Antioquia,Urbana,M,66,0,,304.87
239,78,Antioquia,Urbana,H,63,1,1123000.0,288.83
674,176,Antioquia,Urbana,M,29,1,1637000.0,264.18
1166,328,Narino,Urbana,H,8,,,313.75
553,210,Bogota,Urbana,H,78,1,1189000.0,304.42
181,167,Santander,Urbana,H,80,1,2672000.0,397.11
874,191,Narino,Urbana,H,80,1,2804000.0,425.03
961,107,Narino,Rural,H,10,,,261.22
1076,43,Santander,Urbana,H,12,,,335.31
838,286,Antioquia,Urbana,M,63,0,,479.39
20,325,Narino,Rural,M,47,1,1789000.0,455.71
638,151,Bogota,Urbana,M,21,1,4106000.0,418.08
1200,335,Bogota,Urbana,H,77,1,,438.83
778,55,Antioquia,Urbana,M,79,1,597000.0,299.76
655,111,Bogota,Rural,M,4,,,425.74
478,138,Valle,Urbana,M,74,0,,165.43
441,136,Bogota,Urbana,M,47,1,,348.81
233,376,Bogota,Urbana,H,85,1,1457000.0,301.99
717,177,Bogota,Rural,M,69,0,,225.02
202,177,Narino,Urbana,H,67,0,,234.99
897,114,Bogota,Urbana,H,18,1,1074000.0,387.37
199,223,Bogota,Urbana,H,87,0,,462.91
1023,73,Santander,Urbana,H,21,0,,206.56
1149,186,Bogota,Rural,H,64,1,1851000.0,403.2
124,21,Bogota,Urbana,M,59,1,383000.0,322.18
1143,46,Valle,Urbana,M,78,0,,474.97
1028,216,Bogota,Rural,H,27,0,,211.2
783,153,Bogota,Urbana,H,2,,,273.54
428,305,Valle,Urbana,M,9,,,229.15
390,374,Bogota,Urbana,H,46,0,,166.35
515,220,Bogota,Rural,M,0,,,219.97
1171,223,Bogota,Urbana,H,24,0,,321.07
878,169,Antioquia,Urbana,H,76,1,14050000.0,418.88
148,193,Santander,Urbana,M,11,,,160.69
926,243,Narino,Rural,H,20,1,2977000.0,321.18
1163,284,Bogota,Urbana,M,89,0,,248.25
941,142,Antioquia,Urbana,H,28,0,,351.83
538,352,Bogota,Urbana,M,47,1,1646000.0,409.51
386,371,Narino,Rural,M,9,,,215.62
1186,214,Antioquia,Urbana,H,28,1,1293000.0,223.58
935,166,Bogota,Urbana,M,24,0,,206.42
371,151,Valle,Urbana,M,69,1,2767000.0,217.73
108,99,Bogota,Urbana,M,31,1,4145000.0,350.31
489,103,Antioquia,Urbana,H,42,1,3982000.0,331.61
847,185,Antioquia,Urbana,H,50,1,1375000.0,442.04
1114,363,Bogota,Urbana,H,29,0,,358.7
611,389,Antioquia,Urbana,H,8,,,242.4
469,302,Valle,Urbana,M,5,,,126.56
151,298,Santander,Urbana,M,81,1,870000.0,243.36
1085,328,Valle,Urbana,M,28,1,1601000.0,226.17
761,21,Valle,Urbana,H,78,1,1818000.0,445.51
165,353,Valle,Urbana,M,5,,,297.83
587,54,Valle,Urbana,H,12,,,352.82
122,267,Valle,Urbana,H,57,1,1071000.0,340.17
707,383,Bogota,Urbana,H,86,1,1054000.0,159.15
927,304,Antioquia,Urbana,M,70,0,,167.1
340,346,Antioquia,Urbana,M,20,1,1812000.0,340.59
446,309,Santander,Urbana,H,17,0,,376.44
699,325,Santander,Urbana,H,0,,,379.41
834,42,Valle,Rural,M,80,1,869000.0,363.17
629,267,Antioquia,Urbana,H,77,0,,327.47
867,218,Antioquia,Urbana,M,67,1,918000.0,385.91
970,291,Narino,Rural,M,58,0,,337.63
670,211,Antioquia,Urbana,M,26,1,902000.0,238.67
144,363,Antioquia,Urbana,M,54,0,,365.19
1118,325,Narino,Rural,H,73,1,2244000.0,455.5
73,335,Valle,Urbana,H,20,1,1792000.0,348.67
682,246,Valle,Urbana,M,77,1,676000.0,389.19
228,309,Bogota,Rural,H,45,1,1752000.0,176.95
657,130,Bogota,Urbana,H,83,1,1971000.0,296.0
62,195,Valle,Urbana,H,52,0,,141.62
351,173,Narino,Urbana,H,15,0,,297.24
158,180,Bogota,Urbana,M,33,1,1471000.0,403.88
976,263,Narino,Urbana,M,72,0,,412.4
120,325,Bogota,Rural,M,23,0,,351.39
731,68,Bogota,Urbana,M,45,1,1218000.0,415.28
59,392,Antioquia,Urbana,M,18,0,,271.01
1060,142,Bogota,Urbana,M,1,,,245.93
860,84,Bogota,Urbana,H,23,1,2206000.0,297.95
507,376,Antioquia,Rural,M,52,1,1984000.0,292.85
169,229,Santander,Urbana,H,52,1,1114000.0,354.55
325,194,Antioquia,Urbana,M,64,1,1568000.0,227.24
785,223,Narino,Rural,M,73,1,1145000.0,194.83
312,379,Bogota,Urbana,M,40,1,655000.0,388.36
871,147,Valle,Urbana,H,45,1,2216000.0,175.81
639,211,Santander,Rural,H,41,1,963000.0,241.59
147,225,Valle,Urbana,H,61,1,3926000.0,340.74
556,255,Bogota,Urbana,M,62,1,1786000.0,291.62
449,251,Valle,Urbana,H,27,1,1186000.0,237.39
1077,128,Bogota,Rural,M,17,1,1285000.0,183.17
943,330,Narino,Urbana,M,68,1,1401000.0,158.84
86,365,Valle,Urbana,H,15,1,1187000.0,361.85
500,241,Valle,Urbana,H,21,1,1123000.0,449.81
1099,206,Valle,Urbana,M,83,1,,178.71
294,23,Narino,Urbana,H,42,1,1958000.0,191.1
378,345,Valle,Rural,M,41,1,1224000.0,287.95
304,374,Antioquia,Urbana,H,44,1,,212.63
676,143,Bogota,Urbana,H,33,1,2204000.0,416.44
104,133,Santander,Urbana,H,24,0,,393.39
998,317,Bogota,Urbana,M,80,0,,387.74
244,179,Santander,Urbana,H,50,0,,374.42
775,123,Bogota,Urbana,M,4,,,440.32
988,165,Antioquia,Urbana,H,59,0,,236.89
528,358,Bogota,Urbana,M,39,1,1812000.0,121.75
322,91,Antioquia,Urbana,M,86,1,1721000.0,263.67
1065,13,Valle,Urbana,H,6,,,220.2
807,44,Bogota,Urbana,H,72,1,669000.0,217.64
869,111,Bogota,Urbana,M,62,1,,175.31
722,361,Bogota,Urbana,M,1,,,173.37
693,347,Antioquia,Urbana,H,42,1,1782000.0,226.6
377,78,Valle,Urbana,M,3,,,360.85
640,305,Antioquia,Urbana,H,86,0,,338.16
453,211,Bogota,Urbana,M,35,0,,282.27
709,123,Santander,Urbana,M,0,,,454.12
952,299,Bogota,Urbana,H,66,0,,211.8
145,265,Valle,Rural,M,69,1,1485000.0,255.92
472,249,Valle,Urbana,H,40,1,1815000.0,350.72
315,64,Bogota,Urbana,H,61,0,,208.18
4,78,Antioquia,Urbana,M,62,0,,401.91
329,124,Bogota,Urbana,H,42,0,,164.42
910,368,Valle,Rural,M,12,,,245.78
96,370,Antioquia,Rural,M,72,0,,242.94
964,185,Valle,Rural,M,72,0,,151.07
267,395,Bogota,Urbana,H,24,0,,403.36
408,325,Valle,Rural,M,5,,,387.57
886,29,Narino,Urbana,H,59,0,,136.96
250,350,Bogota,Urbana,M,53,1,1751000.0,266.1
217,151,Antioquia,Urbana,H,35,0,,237.32
289,249,Antioquia,Urbana,H,26,1,2306000.0,274.56
1082,114,Bogota,Urbana,M,50,1,916000.0,291.63
741,343,Valle,Rural,M,70,0,,149.0
812,115,Santander,Urbana,M,45,0,,262.63
929,29,Valle,Rural,M,44,1,1638000.0,283.23
432,197,Antioquia,Urbana,H,9,,,215.57
74,253,Bogota,Urbana,H,16,1,1316000.0,412.2
561,220,Santander,Urbana,M,70,1,1911000.0,292.44
174,224,Bogota,Rural,M,27,1,966000.0,396.28
713,279,Antioquia,Urbana,M,40,1,1226000.0,190.65
1093,380,Narino,Urbana,H,12,,,159.77
138,168,Valle,Urbana,M,19,0,,437.39
191,238,Antioquia,Urbana,M,76,0,,321.76
240,164,Bogota,Urbana,H,34,0,,202.13
753,193,Antioquia,Urbana,H,66,0,,441.98
92,230,Bogota,Urbana,M,2,,,120.48
211,360,Antioquia,Rural,M,34,0,,280.96
613,375,Antioquia,Urbana,M,40,0,,376.2
588,364,Bogota,Urbana,H,12,,,221.68
781,289,Valle,Urbana,M,19,0,,303.46
527,4,Bogota,Urbana,H,41,1,2758000.0,260.33
593,141,Antioquia,Urbana,H,77,0,,272.31
401,13,Bogota,Urbana,M,51,1,773000.0,377.49
379,242,Antioquia,Urbana,M,57,1,1862000.0,191.96
116,273,Narino,Urbana,M,0,,,319.47
1106,246,Santander,Rural,M,77,1,1122000.0,277.4
473,128,Antioquia,Urbana,H,41,1,848000.0,411.33
1185,281,Bogota,Urbana,M,35,1,1371000.0,208.4
1150,356,Narino,Urbana,M,83,0,,173.03
541,2,Bogota,Rural,H,61,1,2673000.0,340.55
28,149,Antioquia,Urbana,H,34,0,,249.09
828,268,Valle,Rural,M,65,0,,229.4
523,222,Bogota,Urbana,M,46,0,,444.08
382,260,Santander,Urbana,M,2,,,170.73
529,117,Narino,Urbana,M,82,1,,377.25
1067,16,Santander,Urbana,H,67,1,,293.71
1124,128,Santander,Urbana,M,89,1,2582000.0,403.6
957,192,Antioquia,Urbana,H,15,0,,124.28
424,383,Narino,Rural,M,46,1,1415000.0,383.4
767,185,Antioquia,Urbana,H,9,,,201.18
132,203,Santander,Rural,H,31,1,946000.0,145.45
990,220,Antioquia,Urbana,M,36,1,1789000.0,319.63
236,218,Bogota,Urbana,M,13,,,321.35
850,51,Antioquia,Urbana,H,53,1,1714000.0,345.24
1054,341,Valle,Urbana,M,75,1,1713000.0,329.34
958,89,Valle,Rural,M,25,0,,131.85
720,223,Valle,Urbana,H,70,1,902000.0,273.99
1029,108,Bogota,Urbana,H,43,0,,397.62
567,265,Bogota,Urbana,M,64,1,3230000.0,457.66
198,241,Bogota,Urbana,M,83,0,,437.91
742,322,Antioquia,Urbana,M,14,,,443.69
747,91,Santander,Urbana,M,49,1,3594000.0,462.29
1006,278,Bogota,Rural,H,12,,,189.25
915,338,Bogota,Rural,M,57,1,912000.0,325.61
256,130,Antioquia,Urbana,H,76,1,702000.0,131.08
994,342,Antioquia,Urbana,M,23,0,,261.71
344,230,Narino,Urbana,M,30,0,,286.76
902,210,Santander,Urbana,H,89,1,3491000.0,123.52
989,356,Narino,Urbana,H,29,0,,440.83
358,383,Bogota,Urbana,M,81,1,890000.0,345.36
1081,7,Santander,Urbana,M,29,0,,252.73
440,141,Santander,Urbana,M,88,1,1635000.0,184.94
510,169,Bogota,Urbana,H,81,0,,448.64
270,351,Valle,Urbana,H,56,0,,313.23
954,369,Santander,Urbana,M,75,1,2320000.0,411.51
503,139,Santander,Urbana,M,2,,,183.22
1199,199,Valle,Urbana,M,9,,,373.06
993,322,Valle,Urbana,H,48,1,747000.0,190.34
844,281,Antioquia,Urbana,H,52,0,,348.03
194,288,Antioquia,Rural,M,12,,,276.72
66,289,Antioquia,Urbana,M,52,0,,438.48
679,372,Antioquia,Rural,H,2,,,132.25
601,22,Bogota,Urbana,M,28,1,,237.19
779,64,Bogota,Urbana,M,63,0,,176.47
81,90,Valle,Urbana,H,56,0,,344.68
1139,125,Valle,Urbana,H,36,1,585000.0,153.31
985,335,Santander,Urbana,H,74,1,1276000.0,377.39
727,315,Valle,Rural,H,75,0,,324.4
919,30,Narino,Urbana,H,81,1,1875000.0,153.68
1145,346,Bogota,Urbana,M,24,1,828000.0,306.63
457,277,Valle,Urbana,H,80,0,,174.87
84,271,Bogota,Urbana,H,71,0,,132.15
1189,245,Santander,Urbana,M,14,,,132.92
688,248,Valle,Urbana,M,66,0,,324.2
422,217,Bogota,Urbana,H,40,0,,440.33
324,107,Narino,Urbana,H,87,1,3513000.0,298.14
522,16,Narino,Rural,H,39,1,675000.0,403.92
5,334,Bogota,Urbana,M,82,1,1667000.0,241.08
719,42,Valle,Urbana,H,79,1,1744000.0,240.94
387,106,Antioquia,Urbana,H,7,,,320.56
240,164,Bogota,Urbana,H,34,0,,202.13
904,158,Valle,Urbana,M,20,1,,186.32
683,246,Antioquia,Urbana,H,17,1,2480000.0,203.01
127,71,Valle,Urbana,H,1,,,416.0
762,295,Narino,Rural,M,31,1,1600000.0,190.19
140,124,Bogota,Urbana,H,71,1,1278000.0,373.57
2,391,Valle,Rural,H,38,1,546000.0,368.66
82,70,Bogota,Urbana,M,40,0,,267.64
750,71,Santander,Rural,M,79,1,1170000.0,413.49
264,141,Bogota,Urbana,H,88,1,1037000.0,407.52
559,134,Santander,Urbana,H,8,,,349.0
669,206,Bogota,Urbana,M,46,0,,331.59
723,182,Valle,Urbana,M,27,0,,392.86
604,126,Antioquia,Rural,M,20,1,1916000.0,377.26
649,214,Narino,Urbana,M,44,0,,303.61
163,282,Santander,Rural,M,68,1,2138000.0,422.8
52,23,Bogota,Urbana,H,78,1,1126000.0,366.23
32,250,Santander,Urbana,M,40,0,,473.44
524,271,Bogota,Urbana,M,59,0,,409.48
176,121,Santander,Urbana,M,3,,,223.85
170,37,Bogota,Urbana,H,58,1,911000.0,314.87
832,34,Valle,Urbana,M,80,1,586000.0,468.91
530,81,Bogota,Urbana,M,57,0,,152.22
624,80,Narino,Urbana,H,43,1,883000.0,186.52
381,78,Antioquia,Urbana,H,27,1,1897000.0,224.43
288,5,Narino,Urbana,M,76,0,,404.6
318,299,Bogota,Urbana,M,84,0,,235.43
942,242,Santander,Urbana,M,72,1,1110000.0,173.63
222,228,Valle,Urbana,M,0,,,267.41
100,36,Antioquia,Urbana,H,56,0,,214.19
1123,261,Bogota,Rural,M,41,0,,457.6
1110,246,Bogota,Urbana,H,4,,,373.07
1003,293,Antioquia,Urbana,H,27,1,1381000.0,243.07
728,260,Valle,Urbana,H,67,1,1053000.0,477.75
133,394,Valle,Urbana,M,0,,,362.27
672,323,Antioquia,Urbana,M,13,,,231.11
8,29,Bogota,Urbana,M,43,1,1071000.0,248.39
207,232,Valle,Urbana,H,53,1,1937000.0,463.33
1157,130,Antioquia,Urbana,M,15,1,1590000.0,160.95
430,39,Santander,Urbana,M,24,1,1309000.0,123.47
205,398,Bogota,Urbana,M,79,1,1921000.0,217.55
1161,262,Antioquia,Rural,H,48,0,,364.53
291,270,Bogota,Urbana,M,14,,,195.66
825,289,Antioquia,Urbana,H,66,1,2528000.0,153.27
757,223,Valle,Urbana,H,69,0,,197.56
29,362,Bogota,Urbana,M,12,,,413.03
594,99,Valle,Rural,M,39,1,596000.0,459.02
571,129,Bogota,Urbana,H,65,1,1890000.0,136.26
764,38,Bogota,Urbana,M,40,1,1300000.0,324.56
190,147,Narino,Urbana,H,56,1,2244000.0,263.23
109,257,Bogota,Rural,H,36,0,,198.96
684,196,Narino,Rural,H,75,1,2270000.0,260.73
1135,380,Valle,Urbana,H,70,0,,163.65
1063,184,Antioquia,Urbana,H,64,1,,338.67
854,64,Bogota,Rural,M,40,0,,201.43
23,18,Valle,Urbana,H,4,,,290.27
851,110,Antioquia,Urbana,M,36,0,,353.15
704,96,Santander,Urbana,H,75,0,,384.51
1105,257,Bogota,Urbana,H,27,1,1720000.0,448.28
1130,212,Santander,Rural,H,57,0,,270.09
1180,348,Antioquia,Urbana,H,28,0,,260.45
94,270,Antioquia,Urbana,H,53,1,1439000.0,252.82
981,268,Antioquia,Urbana,M,4,,,272.35
225,35,Antioquia,Rural,H,86,0,,443.3
880,254,Antioquia,Urbana,H,46,1,2627000.0,206.7
551,205,Bogota,Urbana,M,65,1,2099000.0,258.46
678,211,Valle,Urbana,H,89,1,492000.0,327.01
1102,339,Valle,Urbana,M,18,0,,148.28
991,395,Bogota,Urbana,M,3,,,389.19
429,283,Antioquia,Rural,H,39,0,,210.69
634,158,Bogota,Urbana,H,49,0,,256.94
1137,3,Valle,Urbana,H,69,1,5033000.0,449.8
666,205,Bogota,Urbana,M,72,1,2350000.0,381.43
947,243,Bogota,Urbana,M,2,,,356.15
331,327,Santander,Urbana,M,60,0,,211.59
179,71,Antioquia,Urbana,H,12,,,166.38
982,105,Valle,Urbana,H,70,1,2985000.0,429.61
71,399,Bogota,Rural,H,37,1,1655000.0,175.29
944,372,Narino,Urbana,M,12,,,212.0
1061,333,Santander,Urbana,M,44,0,,130.03
610,268,Bogota,Urbana,H,48,1,1720000.0,301.51
647,141,Valle,Urbana,M,68,0,,374.48
129,118,Antioquia,Rural,H,17,0,,209.28
1001,142,Bogota,Urbana,H,84,1,1102000.0,235.52
1155,24,Narino,Rural,H,5,,,316.99
49,366,Santander,Urbana,M,6,,,230.81
1119,224,Antioquia,Urbana,H,84,1,2142000.0,362.5
633,295,Valle,Urbana,M,50,1,1283000.0,258.51
88,216,Bogota,Rural,M,1,,,288.51
450,232,Santander,Rural,H,12,,,362.94
921,29,Santander,Urbana,M,52,0,,276.5
1108,390,Antioquia,Urbana,M,74,0,,390.48
1079,335,Valle,Rural,H,26,1,668000.0,251.11
438,65,Bogota,Urbana,M,49,1,1366000.0,375.31
131,220,Santander,Urbana,H,53,0,,361.58
1109,128,Santander,Urbana,M,80,1,2037000.0,194.02
271,232,Narino,Urbana,H,88,1,1273000.0,245.52
328,25,Santander,Urbana,H,12,,,403.72
763,394,Antioquia,Urbana,M,59,0,,461.6
791,369,Bogota,Urbana,M,16,1,513000.0,357.33
586,235,Santander,Urbana,M,60,0,,317.99
417,13,Santander,Urbana,M,58,1,2958000.0,297.32
684,196,Narino,Rural,H,75,1,2270000.0,260.73
734,195,Antioquia,Urbana,M,7,,,333.92
156,398,Narino,Rural,M,53,0,,320.41
1153,161,Bogota,Urbana,H,1,,,400.18
416,46,Santander,Rural,H,26,0,,222.74
1184,243,Valle,Rural,H,28,0,,127.72
804,156,Antioquia,Rural,M,66,0,,253.19
31,327,Santander,Urbana,M,51,1,812000.0,147.03
582,210,Antioquia,Urbana,M,13,,,242.72
938,356,Valle,Urbana,M,9,,,375.17
356,11,Valle,Urbana,H,67,1,1506000.0,270.49
770,228,Valle,Rural,M,33,0,,387.6
195,213,Bogota,Urbana,M,57,0,,282.35
1113,194,Bogota,Urbana,H,10,,,137.04
1084,268,Bogota,Urbana,H,77,1,667000.0,192.63
1069,76,Valle,Urbana,M,19,1,1391000.0,469.57
818,375,Valle,Urbana,M,2,,,302.66
180,148,Antioquia,Urbana,H,11,,,368.51
1173,382,Bogota,Urbana,H,13,,,306.51
547,187,Santander,Rural,M,26,1,1599000.0,391.37
1070,271,Antioquia,Urbana,M,38,0,,170.4
11,28,Bogota,Urbana,H,51,1,1057000.0,218.33
355,274,Bogota,Urbana,M,48,0,,469.92
68,162,Santander,Urbana,M,8,,,230.47
1074,200,Antioquia,Urbana,H,10,,,336.1
210,229,Valle,Rural,M,16,0,,182.39
146,154,Bogota,Rural,M,19,1,2252000.0,402.1
973,148,Antioquia,Urbana,M,55,1,985000.0,342.53
857,353,Valle,Urbana,H,26,0,,267.69
955,317,Bogota,Urbana,M,23,0,,437.36
1050,80,Santander,Urbana,H,33,1,2441000.0,261.56
782,278,Bogota,Urbana,H,40,1,2508000.0,425.69
93,222,Bogota,Rural,M,74,0,,307.41
895,69,Valle,Urbana,M,88,0,,250.43
215,396,Antioquia,Urbana,M,85,0,,430.08
360,326,Narino,Rural,H,66,1,938000.0,352.63
540,240,Narino,Urbana,H,14,,,264.07
842,166,Antioquia,Urbana,M,21,0,,208.11
196,346,Valle,Urbana,H,51,1,1413000.0,307.13
297,300,Santander,Rural,M,47,1,3241000.0,345.33
1059,37,Valle,Urbana,M,51,1,987000.0,312.65
870,221,Bogota,Urbana,H,65,1,1505000.0,347.74
392,192,Valle,Urbana,H,85,0,,158.4
479,290,Bogota,Rural,M,7,,,324.14
361,321,Antioquia,Urbana,H,17,0,,194.04
466,257,Bogota,Urbana,M,32,0,,441.36
1046,280,Narino,Urbana,H,60,1,889000.0,244.82
488,110,Narino,Urbana,M,54,0,,331.93
1104,296,Antioquia,Urbana,H,84,1,855000.0,320.72
189,341,Valle,Rural,M,50,0,,358.1
448,5,Antioquia,Urbana,M,89,0,,162.2
87,250,Antioquia,Urbana,M,16,0,,283.5
35,4,Santander,Rural,M,51,1,2755000.0,135.98
200,302,Bogota,Urbana,H,9,,,151.07
636,155,Bogota,Rural,H,20,0,,272.18
892,224,Antioquia,Urbana,M,44,0,,282.05
1169,360,Santander,Urbana,M,1,,,464.8
348,273,Santander,Urbana,M,67,1,1083000.0,149.82
1034,10,Narino,Rural,H,62,0,,402.99
46,74,Valle,Urbana,H,88,1,2363000.0,183.65
465,274,Bogota,Urbana,H,25,0,,338.73
1019,290,Valle,Rural,H,49,1,1590000.0,432.69
932,276,Bogota,Rural,H,79,0,,249.88
1182,104,Bogota,Urbana,H,69,1,539000.0,448.09
819,362,Bogota,Urbana,H,87,0,,369.78
412,126,Bogota,Urbana,H,44,0,,404.13
1,258,Santander,Rural,H,10,,,471.94
1154,356,Valle,Urbana,H,41,0,,230.41
549,387,Valle,Rural,H,46,1,1060000.0,247.42
543,73,Bogota,Rural,M,60,1,942000.0,358.27
451,266,Antioquia,Rural,H,87,1,1185000.0,271.1
716,231,Narino,Rural,H,27,0,,156.46
986,75,Bogota,Urbana,H,60,0,,447.05
1068,244,Santander,Rural,M,47,1,1257000.0,417.8
102,399,Santander,Urbana,M,31,0,,172.42
992,242,Bogota,Rural,M,14,,,457.33
40,227,Bogota,Urbana,H,18,1,1780000.0,292.85
806,389,Antioquia,Urbana,M,83,1,3914000.0,286.87
17,305,Bogota,Urbana,H,49,1,,321.74
810,15,Bogota,Urbana,H,57,1,2479000.0,210.46
823,72,Santander,Urbana,M,86,1,3621000.0,355.43
149,48,Santander,Urbana,H,77,1,498000.0,162.0
621,179,Bogota,Urbana,M,70,1,552000.0,474.97
178,14,Narino,Urbana,H,71,0,,327.59
137,60,Bogota,Urbana,H,54,0,,133.01
337,181,Narino,Urbana,M,56,1,1107000.0,477.83
1040,400,Valle,Urbana,M,32,1,3870000.0,340.99
119,98,Bogota,Urbana,M,14,,,460.4
597,113,Antioquia,Urbana,M,26,1,602000.0,451.22
721,352,Valle,Rural,M,34,0,,187.1
1128,339,Santander,Urbana,H,77,1,5444000.0,228.64
671,62,Antioquia,Urbana,M,56,1,1083000.0,447.39
65,165,Bogota,Urbana,M,60,0,,387.94
550,43,Antioquia,Urbana,M,51,0,,377.34
616,192,Bogota,Urbana,H,35,1,14710000.0,363.77
113,109,Antioquia,Rural,M,43,1,1188000.0,366.26
193,90,Antioquia,Urbana,M,80,1,1354000.0,343.97
756,36,Bogota,Urbana,M,45,1,1749000.0,138.48
394,107,Bogota,Urbana,H,56,1,888000.0,137.67
805,365,Bogota,Urbana,M,63,0,,444.76
555,217,Bogota,Urbana,H,30,0,,154.25
470,146,Valle,Urbana,M,22,1,1375000.0,463.01
724,9,Narino,Urbana,M,80,1,2445000.0,234.15
1192,173,Valle,Urbana,H,9,,,457.34
42,217,Bogota,Urbana,H,74,1,1120000.0,173.12
212,272,Valle,Urbana,M,2,,,420.52
187,343,Valle,Urbana,H,30,1,,189.54
125,379,Antioquia,Rural,H,46,0,,338.42
359,273,Antioquia,Urbana,H,34,0,,404.28
153,46,Santander,Rural,H,7,,,279.52
298,249,Antioquia,Urbana,H,22,1,848000.0,359.42
459,33,Antioquia,Rural,H,11,,,145.17
1057,91,Antioquia,Urbana,M,1,,,450.53
247,10,Bogota,Urbana,H,29,0,,463.01
6,30,Antioquia,Rural,M,57,0,,128.57
592,4,Bogota,Rural,H,45,0,,387.01
47,295,Santander,Rural,M,59,1,2692000.0,322.78
302,75,Antioquia,Urbana,M,33,1,2075000.0,461.81
614,345,Bogota,Rural,H,17,1,1838000.0,323.4
411,356,Bogota,Urbana,M,44,1,1310000.0,136.33
315,64,Bogota,Urbana,H,61,0,,208.18
891,58,Antioquia,Urbana,H,64,0,,391.57
836,179,Valle,Urbana,H,56,0,,131.79
686,54,Valle,Rural,M,33,0,,359.53
665,112,Bogota,Rural,H,30,0,,214.52
833,372,Antioquia,Urbana,M,87,0,,184.7
714,81,Antioquia,Urbana,M,23,0,,471.61
801,327,Valle,Urbana,M,76,1,1502000.0,428.57
884,197,Narino,Urbana,H,37,1,989000.0,197.44
737,349,Bogota,Urbana,H,21,1,1507000.0,159.67
313,319,Antioquia,Rural,H,50,1,1918000.0,362.12
265,370,Bogota,Urbana,M,88,1,1172000.0,448.68
388,239,Valle,Rural,H,65,0,,285.66
885,24,Valle,Urbana,M,27,0,,287.59
171,244,Valle,Urbana,H,88,1,2808000.0,145.41
248,371,Bogota,Urbana,H,6,,,176.6
1032,119,Bogota,Urbana,H,72,1,,349.54
230,150,Narino,Urbana,M,78,0,,353.04
117,172,Santander,Rural,M,69,1,1449000.0,260.04
645,222,Antioquia,Urbana,H,40,1,2339000.0,339.15
566,123,Valle,Urbana,M,32,0,,353.97
1178,83,Valle,Urbana,M,4,,,255.38
421,48,Antioquia,Rural,M,37,1,668000.0,217.07
589,29,Santander,Urbana,H,42,0,,435.28
1158,221,Antioquia,Urbana,H,21,0,,420.13
1115,229,Antioquia,Urbana,H,2,,,364.58
1112,321,Bogota,Rural,M,79,0,,394.59
933,32,Narino,Rural,H,8,,,377.09
79,20,Antioquia,Urbana,M,43,0,,213.6
110,183,Narino,Urbana,M,37,1,755000.0,379.23
458,8,Santander,Urbana,H,55,0,,217.69
769,195,Valle,Urbana,M,2,,,335.61
112,33,Bogota,Urbana,H,69,1,1998000.0,232.39
607,141,Antioquia,Rural,H,81,1,674000.0,177.47
1041,397,Santander,Urbana,M,18,0,,443.19
579,327,Valle,Urbana,H,16,1,522000.0,276.33
960,53,Valle,Urbana,M,27,1,1150000.0,216.95
558,194,Antioquia,Urbana,M,5,,,169.6
1092,4,Bogota,Urbana,M,39,0,,190.64
1133,36,Bogota,Urbana,H,37,1,1486000.0,298.74
103,96,Bogota,Urbana,H,44,1,827000.0,235.6
455,182,Valle,Urbana,H,70,1,1685000.0,228.61
948,7,Antioquia,Rural,H,24,1,1240000.0,154.74
760,272,Valle,Urbana,M,9,,,267.95
730,48,Bogota,Rural,M,81,1,2158000.0,287.86
632,190,Valle,Urbana,H,17,0,,351.33
1191,179,Bogota,Urbana,M,45,0,,325.61
363,203,Antioquia,Rural,H,80,0,,356.6
637,295,Antioquia,Urbana,H,66,0,,327.76
894,211,Bogota,Urbana,H,38,0,,151.03
903,204,Valle,Urbana,M,49,0,,453.49
745,74,Antioquia,Urbana,M,58,1,1388000.0,352.53
809,158,Antioquia,Rural,H,73,0,,403.82
627,226,Narino,Urbana,H,20,0,,286.38
476,394,Santander,Urbana,M,0,,,203.21
1091,222,Santander,Urbana,M,52,0,,275.0
701,227,Bogota,Urbana,H,84,1,1923000.0,288.59
675,336,Valle,Urbana,H,2,,,192.5
69,67,Antioquia,Urbana,M,46,1,1870000.0,390.14
1094,5,Antioquia,Rural,H,55,1,1762000.0,318.97
1136,109,Bogota,Rural,H,81,0,,411.24
846,347,Bogota,Rural,H,81,1,1671000.0,372.74
680,262,Valle,Urbana,H,79,1,1615000.0,479.95
603,49,Bogota,Urbana,M,10,,,196.34
253,348,Antioquia,Rural,H,66,0,,387.56
1015,41,Bogota,Rural,H,81,1,1047000.0,258.81
689,125,Bogota,Urbana,H,13,,,341.2
135,393,Narino,Urbana,M,29,1,1751000.0,205.67
584,387,Bogota,Urbana,M,60,0,,120.56
930,397,Valle,Urbana,M,85,0,,185.36
128,317,Valle,Urbana,H,80,0,,366.59
1101,106,Valle,Urbana,M,20,0,,397.91
848,78,Valle,Rural,M,50,1,601000.0,253.03
238,293,Bogota,Urbana,M,8,,,369.42
1095,399,Bogota,Urbana,M,37,1,4326000.0,134.48
743,38,Santander,Urbana,M,1,,,260.6
813,207,Antioquia,Urbana,H,45,0,,178.45
922,6,Bogota,Rural,M,43,1,1325000.0,258.94
56,397,Valle,Rural,H,2,,,177.51
923,371,Santander,Rural,H,17,0,,273.09
106,93,Valle,Urbana,H,63,1,1039000.0,349.83
164,334,Antioquia,Rural,M,4,,,167.55
752,166,Narino,Urbana,H,46,0,,335.66
786,280,Santander,Urbana,M,48,1,1064000.0,252.95
598,226,Santander,Urbana,M,52,0,,410.3
698,167,Antioquia,Urbana,M,15,0,,474.83
966,226,Valle,Rural,H,84,0,,204.72
711,266,Antioquia,Urbana,M,72,0,,380.25
519,190,Bogota,Urbana,M,18,1,2300000.0,428.62
1013,4,Valle,Rural,M,46,0,,443.34
793,98,Bogota,Rural,H,72,1,1719000.0,201.36
1146,167,Antioquia,Urbana,M,20,0,,122.3
544,105,Bogota,Rural,M,53,0,,334.02
725,283,Valle,Urbana,M,40,0,,277.53
574,302,Bogota,Rural,H,58,1,844000.0,313.56
1039,243,Narino,Urbana,H,21,1,,423.3
879,328,Antioquia,Urbana,H,40,1,3882000.0,196.74
407,41,Bogota,Rural,H,26,1,2121000.0,282.61
1049,50,Bogota,Urbana,H,1,,,469.62
928,382,Bogota,Urbana,H,31,1,431000.0,231.97
447,13,Santander,Rural,M,60,0,,404.1
480,76,Bogota,Urbana,M,32,0,,338.44
748,144,Antioquia,Urbana,M,33,0,,172.79
1064,361,Valle,Rural,M,89,1,921000.0,401.41
262,181,Santander,Rural,M,88,0,,386.6
295,303,Santander,Urbana,M,59,1,1652000.0,191.68
996,152,Narino,Rural,M,21,0,,376.82
855,219,Santander,Rural,H,7,,,326.83
816,94,Antioquia,Urbana,M,60,1,2266000.0,383.68
575,382,Antioquia,Urbana,M,10,,,450.95
160,314,Valle,Urbana,M,59,1,777000.0,164.46
820,61,Bogota,Urbana,M,17,0,,287.18
334,309,Narino,Urbana,M,85,1,2266000.0,175.72
280,111,Valle,Urbana,M,79,1,1122000.0,373.66
1183,77,Narino,Urbana,M,8,,,239.3
534,36,Antioquia,Urbana,H,55,0,,245.44
1126,292,Valle,Urbana,M,56,1,1114000.0,196.16
15,136,Bogota,Urbana,H,71,0,,291.11
906,230,Antioquia,Urbana,M,33,1,1280000.0,345.62
393,352,Bogota,Urbana,H,20,0,,258.14
423,159,Antioquia,Rural,M,79,1,1482000.0,140.8
1035,28,Narino,Urbana,H,70,1,1107000.0,285.57
959,19,Antioquia,Urbana,M,33,1,1301000.0,214.13
896,342,Bogota,Rural,H,66,0,,456.6
751,352,Antioquia,Rural,M,22,1,710000.0,465.59
237,20,Santander,Urbana,M,88,0,,248.22
467,386,Bogota,Rural,M,43,1,,182.11
292,47,Santander,Urbana,H,48,1,2101000.0,138.51
234,80,Narino,Urbana,H,38,1,2930000.0,434.36
862,301,Bogota,Urbana,M,62,1,1464000.0,255.63
410,390,Valle,Urbana,M,42,1,2597000.0,293.56
852,287,Bogota,Rural,H,19,1,1572000.0,375.34
320,276,Antioquia,Urbana,M,11,,,255.01
945,367,Bogota,Urbana,H,28,0,,400.13
843,69,Antioquia,Urbana,H,27,0,,177.18
650,73,Antioquia,Urbana,H,75,0,,395.84
1090,235,Bogota,Urbana,M,72,1,1474000.0,135.6
651,277,Santander,Urbana,M,59,1,1500000.0,410.62
60,289,Bogota,Urbana,M,57,0,,455.38
1012,179,Valle,Urbana,M,57,1,892000.0,414.68
615,216,Bogota,Urbana,M,14,,,389.79
462,92,Valle,Urbana,M,31,1,1436000.0,403.8
1055,207,Valle,Urbana,M,35,0,,246.43
535,192,Santander,Rural,H,78,1,1301000.0,217.07
978,254,Valle,Urbana,M,58,1,1310000.0,413.96
1198,265,Santander,Rural,M,88,0,,140.69
1062,260,Santander,Urbana,M,45,0,,386.26
402,217,Antioquia,Rural,H,5,,,336.36
625,82,Valle,Rural,H,45,1,1175000.0,341.74
372,157,Bogota,Urbana,M,29,1,916000.0,280.44
400,128,Bogota,Urbana,H,37,0,,398.14
619,389,Antioquia,Rural,M,35,0,,429.82
1052,78,Antioquia,Rural,M,89,0,,389.75
1170,183,Valle,Urbana,M,2,,,122.12
38,153,Santander,Rural,H,66,0,,145.36
590,303,Antioquia,Urbana,H,58,0,,438.24
1181,219,Santander,Rural,H,29,0,,206.62
107,23,Antioquia,Urbana,M,39,1,1094000.0,180.44
323,168,Valle,Rural,M,44,1,2548000.0,386.87
352,99,Santander,Urbana,H,0,,,277.06
357,214,Santander,Urbana,M,35,1,1395000.0,430.5
252,224,Narino,Rural,M,9,,,439.33
710,154,Valle,Urbana,M,44,1,1028000.0,154.8
391,133,Valle,Urbana,H,77,1,2109000.0,299.92
444,191,Santander,Urbana,M,30,0,,239.95
882,238,Antioquia,Urbana,M,51,1,1679000.0,205.04
216,143,Bogota,Rural,M,61,1,660000.0,322.04
339,347,Bogota,Urbana,M,83,1,1280000.0,264.94
57,252,Narino,Rural,M,88,0,,215.11
182,109,Valle,Urbana,H,26,1,12010000.0,167.47
54,76,Antioquia,Urbana,H,63,1,537000.0,144.24
664,105,Valle,Rural,H,43,1,1808000.0,292.64
1131,112,Bogota,Rural,H,52,1,680000.0,416.47
347,129,Antioquia,Urbana,M,77,1,1460000.0,146.07
232,265,Antioquia,Rural,H,25,0,,404.98
152,210,Antioquia,Urbana,M,34,0,,241.16
1014,17,Santander,Urbana,M,71,1,2368000.0,214.23
1033,247,Bogota,Urbana,M,38,1,1143000.0,272.27
231,210,Antioquia,Urbana,H,68,1,1971000.0,289.67
525,363,Antioquia,Urbana,M,0,,,330.9
856,385,Bogota,Urbana,H,5,,,140.89
979,171,Antioquia,Urbana,M,68,1,22780000.0,346.21
984,14,Bogota,Urbana,M,15,0,,440.97
258,66,Santander,Urbana,M,89,0,,421.93
389,218,Narino,Rural,M,49,0,,377.52
526,56,Valle,Urbana,H,86,0,,293.7
186,398,Valle,Urbana,M,8,,,128.41
44,312,Bogota,Rural,H,48,1,2331000.0,248.13
474,272,Bogota,Urbana,M,63,1,2847000.0,391.82
1007,25,Bogota,Rural,M,65,0,,457.61
143,188,Valle,Urbana,H,12,,,147.51
1072,368,Santander,Urbana,M,26,1,936000.0,465.62
1078,136,Bogota,Urbana,H,11,,,418.02
802,301,Bogota,Urbana,H,54,0,,308.07
718,381,Antioquia,Urbana,M,44,1,2145000.0,475.59
687,257,Santander,Urbana,M,16,1,521000.0,216.05
839,88,Valle,Rural,H,62,1,,213.18
330,10,Valle,Urbana,H,14,,,180.87
513,100,Valle,Urbana,H,65,0,,282.77
858,222,Bogota,Urbana,H,48,0,,142.48
580,302,Bogota,Rural,H,0,,,308.99
1009,18,Valle,Urbana,M,56,1,2599000.0,443.58
661,98,Valle,Urbana,H,73,0,,172.18
1053,219,Antioquia,Urbana,M,21,1,769000.0,182.0
826,225,Bogota,Urbana,H,82,1,884000.0,267.59
1103,227,Valle,Urbana,H,33,1,998000.0,342.71
893,384,Narino,Urbana,H,45,1,1718000.0,478.6
788,116,Antioquia,Urbana,H,31,1,3234000.0,257.74
936,246,Antioquia,Urbana,H,55,1,1110000.0,420.57
1089,175,Bogota,Urbana,M,75,1,1097000.0,414.84
644,120,Antioquia,Rural,H,35,0,,136.96
1066,392,Antioquia,Rural,H,49,1,1064000.0,452.65
284,53,Valle,Urbana,M,80,0,,458.1
646,281,Bogota,Rural,M,56,0,,402.69
418,12,Bogota,Urbana,M,71,1,1051000.0,460.0
1030,23,Antioquia,Urbana,M,59,0,,437.12
643,382,Antioquia,Rural,M,27,1,1260000.0,240.27
839,88,Valle,Rural,H,62,1,,213.18
115,329,Santander,Urbana,H,22,1,,412.9
808,84,Valle,Rural,M,87,1,1163000.0,232.62
290,316,Santander,Urbana,M,87,0,,410.17
784,171,Narino,Urbana,M,74,0,,475.28
1096,302,Antioquia,Rural,H,61,1,3306000.0,337.16
272,47,Santander,Rural,M,88,1,1014000.0,165.25
712,217,Antioquia,Urbana,M,9,,,238.82
314,82,Santander,Urbana,M,89,0,,458.18
754,397,Santander,Rural,M,56,0,,156.46
285,89,Valle,Urbana,H,84,1,1442000.0,365.97
130,52,Bogota,Urbana,H,51,1,924000.0,125.96
396,288,Valle,Urbana,M,2,,,269.94
327,194,Bogota,Rural,M,53,0,,254.5
931,40,Valle,Urbana,M,13,,,163.36
898,188,Bogota,Urbana,M,42,0,,241.61
780,351,Valle,Urbana,H,67,0,,278.34
41,292,Santander,Urbana,H,27,0,,264.69
307,65,Santander,Urbana,H,77,1,2164000.0,280.4
374,229,Santander,Urbana,M,15,0,,275.6
830,292,Antioquia,Urbana,M,74,0,,478.48
496,245,Bogota,Urbana,M,4,,,442.23
273,289,Bogota,Urbana,M,76,0,,366.76
9,131,Bogota,Urbana,H,88,1,2438000.0,463.61
956,176,Antioquia,Urbana,M,66,0,,287.46
746,310,Antioquia,Urbana,M,24,0,,188.12
653,317,Santander,Rural,M,88,0,,300.36
949,230,Valle,Rural,M,8,,,252.57
398,190,Bogota,Urbana,H,17,1,2486000.0,423.08
415,356,Bogota,Urbana,M,67,1,1701000.0,446.7
853,3,Bogota,Rural,M,2,,,249.06
759,261,Santander,Rural,H,19,1,1035000.0,416.68
924,177,Antioquia,Urbana,H,68,1,1600000.0,291.16
505,262,Antioquia,Urbana,H,44,1,2357000.0,291.9
533,88,Valle,Urbana,M,69,1,344000.0,157.37
977,53,Valle,Urbana,M,11,,,335.03
1000,163,Bogota,Urbana,M,5,,,328.37
868,12,Antioquia,Urbana,H,36,1,718000.0,245.47
1073,340,Santander,Rural,M,77,0,,461.39
492,4,Santander,Urbana,M,60,0,,293.76
80,3,Narino,Urbana,H,0,,,155.49
797,20,Valle,Urbana,H,50,1,1456000.0,330.82
343,267,Antioquia,Urbana,M,51,1,2058000.0,120.47
1194,115,Bogota,Rural,M,29,1,1391000.0,218.09
50,102,Santander,Rural,H,22,1,1137000.0,306.85
251,368,Bogota,Urbana,H,12,,,231.76
1121,12,Antioquia,Urbana,M,43,0,,166.84
21,113,Valle,Urbana,H,33,1,1735000.0,281.18
570,88,Bogota,Rural,H,31,0,,413.73
912,308,Valle,Urbana,H,22,0,,194.95
136,49,Bogota,Urbana,H,89,1,1259000.0,457.87
537,176,Antioquia,Urbana,H,48,0,,338.8
568,323,Narino,Rural,M,87,0,,430.44
654,226,Antioquia,Rural,H,7,,,235.83
697,145,Santander,Rural,M,75,1,2438000.0,390.94
1036,176,Bogota,Urbana,H,79,0,,129.24
482,377,Valle,Urbana,M,61,1,830000.0,152.79
34,246,Narino,Urbana,M,79,1,1208000.0,421.04
1132,92,Antioquia,Urbana,H,87,1,1421000.0,250.54
383,36,Narino,Rural,M,22,0,,426.84
26,117,Antioquia,Urbana,M,66,1,736000.0,177.63
48,289,Santander,Urbana,H,5,,,222.34
1031,260,Valle,Urbana,H,32,1,1600000.0,281.15
175,242,Bogota,Urbana,H,83,0,,453.16
30,352,Santander,Urbana,M,86,1,3156000.0,364.76
572,256,Bogota,Rural,H,72,1,729000.0,197.18
154,117,Valle,Urbana,M,79,0,,282.2
983,39,Santander,Urbana,H,69,1,1483000.0,140.73
1111,195,Antioquia,Urbana,M,87,1,1463000.0,454.4
1016,24,Antioquia,Urbana,H,43,1,1373000.0,122.69
162,119,Santander,Urbana,M,87,1,4380000.0,258.91
245,27,Santander,Urbana,M,67,1,1167000.0,188.71
511,272,Santander,Urbana,H,7,,,213.03
159,83,Santander,Urbana,M,57,1,,204.91
531,279,Valle,Urbana,H,49,0,,133.1
502,277,Bogota,Urbana,M,27,1,3323000.0,261.19
433,209,Santander,Urbana,H,67,0,,378.52
963,368,Antioquia,Urbana,M,72,1,1762000.0,399.92
1098,7,Bogota,Urbana,M,24,0,,284.8
333,64,Valle,Urbana,M,58,1,2087000.0,221.39
917,137,Bogota,Urbana,M,54,0,,160.3
367,88,Valle,Urbana,M,19,0,,238.12
1127,207,Bogota,Urbana,M,76,1,2054000.0,463.76
55,140,Antioquia,Urbana,M,3,,,193.83
585,67,Valle,Urbana,M,9,,,193.41
681,179,Valle,Rural,H,55,1,1564000.0,152.68
899,144,Antioquia,Rural,H,69,1,731000.0,439.39
190,147,Narino,Urbana,H,56,1,2244000.0,263.23
905,343,Bogota,Rural,H,25,1,1308000.0,289.41
25,202,Antioquia,Rural,M,19,1,1021000.0,242.55
299,126,Bogota,Urbana,H,18,1,672000.0,143.04
557,348,Valle,Urbana,M,55,0,,169.86
576,328,Bogota,Urbana,M,22,1,1706000.0,413.08
19,26,Narino,Rural,M,52,1,1306000.0,283.52
995,239,Antioquia,Urbana,M,89,0,,409.08
255,170,Antioquia,Urbana,H,71,0,,194.05
226,311,Antioquia,Urbana,M,16,1,4280000.0,256.31
600,279,Bogota,Rural,H,43,1,593000.0,267.29
872,54,Antioquia,Urbana,M,23,1,1428000.0,295.85
420,400,Antioquia,Rural,H,76,0,,158.1
1168,275,Santander,Rural,H,35,1,2203000.0,285.23
1038,234,Narino,Urbana,M,37,0,,425.78
223,111,Santander,Urbana,M,41,0,,445.66
939,321,Antioquia,Urbana,H,69,1,1072000.0,132.06
425,106,Bogota,Urbana,M,61,1,1497000.0,124.16
219,121,Antioquia,Urbana,M,30,0,,273.38
308,278,Valle,Rural,H,75,1,1522000.0,316.28
795,218,Antioquia,Urbana,M,60,0,,243.78
172,239,Bogota,Urbana,M,12,,,301.16
443,324,Antioquia,Rural,M,0,,,472.56
883,48,Bogota,Urbana,M,57,0,,415.03
706,101,Narino,Rural,M,66,1,2088000.0,220.85
771,190,Santander,Urbana,M,56,0,,250.72
287,163,Narino,Urbana,M,44,1,1412000.0,299.46
67,213,Bogota,Urbana,H,50,1,1494000.0,428.42
454,395,Santander,Rural,M,39,1,989000.0,264.05
1175,54,Narino,Urbana,M,14,,,128.91
72,44,Narino,Urbana,M,86,0,,173.38
881,319,Antioquia,Urbana,M,74,0,,329.32
413,158,Bogota,Urbana,H,44,1,,279.87
83,312,Narino,Rural,H,40,1,1028000.0,465.31
157,213,Valle,Rural,H,78,1,659000.0,296.04
1162,215,Bogota,Rural,H,87,1,1231000.0,418.29
16,112,Narino,Urbana,M,68,0,,334.2
266,54,Bogota,Urbana,H,8,,,268.13
536,55,Antioquia,Urbana,H,71,1,2373000.0,369.26
821,344,Bogota,Urbana,M,47,1,,221.16
452,365,Antioquia,Rural,H,69,1,1516000.0,423.04
887,345,Santander,Urbana,H,47,0,,211.15
817,231,Valle,Urbana,H,54,1,3128000.0,467.62
405,83,Bogota,Rural,M,83,1,1174000.0,156.97
1120,307,Antioquia,Urbana,M,27,0,,248.07
491,35,Narino,Urbana,M,64,1,1565000.0,198.09
1083,309,Bogota,Urbana,H,35,0,,188.08
542,211,Antioquia,Rural,M,66,1,581000.0,389.12
694,159,Narino,Urbana,H,25,0,,275.01
740,344,Bogota,Urbana,M,6,,,157.97
365,288,Antioquia,Urbana,M,57,1,1764000.0,132.75
630,330,Narino,Urbana,M,75,1,2823000.0,363.14
460,364,Bogota,Urbana,H,52,0,,226.72
105,39,Bogota,Urbana,M,25,1,1342000.0,176.21
269,379,Bogota,Urbana,H,36,1,4301000.0,226.93
609,178,Bogota,Rural,M,35,1,1680000.0,120.54
1125,268,Bogota,Urbana,H,42,0,,328.48
962,54,Santander,Rural,M,82,0,,129.96
1056,182,Santander,Urbana,H,10,,,158.51
662,292,Valle,Urbana,H,54,1,606000.0,344.9
242,366,Valle,Rural,M,73,0,,250.66
431,227,Antioquia,Rural,H,69,0,,405.82
815,71,Santander,Urbana,H,12,,,133.12
972,14,Santander,Urbana,H,53,1,2247000.0,267.53
204,175,Bogota,Urbana,H,48,1,407000.0,355.35
1176,184,Santander,Urbana,H,24,0,,425.06
596,97,Bogota,Rural,H,79,1,1561000.0,178.35
631,127,Valle,Urbana,H,53,0,,393.3
97,86,Bogota,Rural,H,47,1,910000.0,385.58
468,347,Narino,Urbana,M,46,0,,167.79
1196,339,Valle,Urbana,M,33,1,1016000.0,319.07
493,42,Narino,Urbana,M,61,0,,381.48
167,233,Antioquia,Urbana,M,42,0,,387.73
914,109,Bogota,Urbana,M,77,1,1133000.0,189.41
702,381,Antioquia,Urbana,M,35,0,,174.09
695,301,Valle,Rural,M,86,1,1104000.0,198.24
10,206,Santander,Rural,M,76,1,,190.49
605,60,Antioquia,Urbana,M,28,0,,398.64
316,367,Bogota,Urbana,H,35,1,1747000.0,203.85
774,201,Antioquia,Urbana,H,16,1,1154000.0,185.08
362,377,Bogota,Urbana,H,68,1,2276000.0,310.98
139,326,Bogota,Rural,H,47,1,1734000.0,147.35
824,288,Bogota,Urbana,M,45,1,1764000.0,205.99
277,220,Bogota,Urbana,H,55,1,2386000.0,329.59
385,314,Santander,Urbana,M,27,1,1176000.0,132.68
569,39,Antioquia,Urbana,H,43,0,,194.45
1080,226,Antioquia,Rural,M,18,1,2033000.0,400.98
773,279,Bogota,Urbana,H,50,1,2610000.0,271.71
89,196,Bogota,Rural,M,86,1,913000.0,216.91
91,34,Valle,Rural,H,28,0,,179.44
766,157,Narino,Rural,H,18,1,2197000.0,158.88
281,319,Valle,Rural,M,82,0,,231.14
652,186,Santander,Rural,H,76,1,1485000.0,127.68
461,230,Narino,Urbana,H,17,0,,198.64
889,226,Santander,Urbana,M,55,1,1906000.0,469.38
800,187,Santander,Urbana,H,41,1,2208000.0,160.56
301,307,Santander,Urbana,H,73,0,,127.67
864,210,Santander,Urbana,M,36,1,456000.0,232.96
203,308,Antioquia,Urbana,M,44,0,,258.65
403,270,Narino,Urbana,H,53,0,,314.25
341,249,Bogota,Rural,H,20,0,,444.09
366,137,Narino,Urbana,M,75,0,,231.91
24,251,Antioquia,Urbana,M,61,1,1864000.0,443.11
346,344,Santander,Urbana,H,9,,,185.56
677,231,Santander,Urbana,H,60,0,,263.18
1193,193,Bogota,Urbana,H,20,1,791000.0,290.48
335,68,Bogota,Urbana,M,41,0,,124.03
311,61,Bogota,Urbana,H,83,0,,377.34
1156,201,Antioquia,Urbana,M,46,1,3755000.0,349.31
641,346,Narino,Urbana,M,73,0,,284.62
354,277,Antioquia,Urbana,H,48,1,1865000.0,239.28
736,368,Santander,Urbana,M,34,0,,302.67
1188,215,Santander,Urbana,H,76,1,555000.0,140.98
241,302,Santander,Urbana,H,17,1,570000.0,415.96
667,78,Antioquia,Urbana,H,28,0,,452.29
319,326,Valle,Rural,M,47,0,,287.69
1042,266,Antioquia,Rural,M,30,1,807000.0,307.63
263,342,Santander,Urbana,M,9,,,122.97
99,265,Santander,Urbana,M,1,,,360.11
168,69,Bogota,Rural,H,62,1,1496000.0,146.11
497,374,Valle,Urbana,H,24,1,1129000.0,472.07
726,71,Valle,Rural,M,25,0,,259.63
276,253,Narino,Urbana,H,37,1,2757000.0,331.81
90,278,Valle,Urbana,H,83,1,2231000.0,142.15
715,113,Valle,Rural,M,76,0,,177.15
516,69,Bogota,Urbana,M,86,0,,366.05
999,261,Bogota,Urbana,H,22,0,,418.99
332,94,Bogota,Urbana,M,61,1,1230000.0,463.1
1152,18,Bogota,Urbana,H,65,1,1741000.0,169.64
434,306,Valle,Urbana,H,70,0,,234.19
1164,268,Valle,Urbana,M,25,0,,264.76
1100,277,Santander,Urbana,M,4,,,317.94
487,348,Bogota,Urbana,H,58,1,1043000.0,275.38
659,241,Antioquia,Urbana,H,79,1,691000.0,264.94
916,338,Santander,Rural,M,29,1,1033000.0,174.46
532,379,Antioquia,Urbana,H,5,,,135.92
841,131,Valle,Rural,M,27,1,1922000.0,250.2
1048,175,Antioquia,Urbana,M,36,0,,446.87
261,5,Antioquia,Rural,H,3,,,420.0
811,77,Bogota,Urbana,M,44,0,,257.59
306,39,Santander,Rural,M,75,0,,138.72
877,132,Santander,Urbana,M,36,0,,214.78
1008,1,Antioquia,Urbana,H,67,1,933000.0,299.73
703,307,Santander,Urbana,H,15,1,1277000.0,375.76
772,28,Antioquia,Urbana,H,7,,,149.23
1147,167,Bogota,Rural,H,15,1,1140000.0,126.56
197,156,Bogota,Urbana,M,22,1,1298000.0,280.6
141,369,Antioquia,Urbana,H,10,,,370.35
595,214,Bogota,Rural,M,81,0,,306.96
123,210,Bogota,Urbana,H,38,0,,347.58
495,358,Valle,Urbana,H,33,1,2267000.0,199.54
822,206,Bogota,Rural,H,86,0,,437.88
111,125,Valle,Urbana,H,5,,,446.3
85,360,Bogota,Urbana,M,2,,,455.93
951,52,Santander,Urbana,M,79,1,2461000.0,403.52
514,137,Bogota,Urbana,M,85,0,,279.17
692,332,Bogota,Urbana,M,13,,,342.93
483,351,Santander,Urbana,M,3,,,433.81
1138,326,Santander,Urbana,M,67,1,1085000.0,355.14
974,70,Antioquia,Urbana,H,42,1,,310.89
612,197,Santander,Urbana,H,60,1,631000.0,389.63
794,400,Santander,Urbana,M,28,1,1168000.0,375.39
75,308,Valle,Urbana,M,89,1,1614000.0,130.89
1190,311,Valle,Urbana,H,70,1,908000.0,265.52
1037,263,Antioquia,Urbana,M,36,0,,447.22
274,70,Valle,Urbana,M,45,1,736000.0,389.77
792,370,Antioquia,Urbana,M,81,0,,401.24
397,345,Bogota,Urbana,H,3,,,156.16
155,68,Bogota,Rural,H,83,0,,255.77
136,49,Bogota,Urbana,H,89,1,1259000.0,457.87
192,186,Valle,Urbana,H,6,,,190.2
798,327,Narino,Rural,H,4,,,333.41
1165,34,Santander,Urbana,H,53,1,3296000.0,233.43
188,69,Santander,Urbana,H,59,1,856000.0,386.74
51,59,Bogota,Rural,H,46,0,,444.99
39,50,Santander,Urbana,H,28,0,,193.31
419,395,Narino,Urbana,M,68,1,1432000.0,400.98
1141,164,Bogota,Urbana,H,21,1,1671000.0,225.08
209,1,Bogota,Urbana,M,15,1,1141000.0,222.47
376,384,Antioquia,Rural,H,72,1,2901000.0,355.71
464,28,Santander,Urbana,H,41,0,,317.4
471,64,Valle,Rural,H,72,1,671000.0,325.17
518,313,Antioquia,Urbana,H,61,1,3116000.0,191.19
76,113,Bogota,Urbana,M,39,1,1408000.0,203.33
911,14,Bogota,Rural,M,69,1,839000.0,162.22
249,279,Narino,Urbana,M,69,0,,474.87
560,334,Bogota,Urbana,H,57,0,,338.29
303,94,Bogota,Rural,H,54,0,,474.34
583,85,Valle,Urbana,M,89,1,3565000.0,458.38
900,378,Bogota,Urbana,H,27,0,,442.55
1044,312,Valle,Urbana,M,43,0,,134.5
336,129,Santander,Urbana,M,56,1,1265000.0,251.15
738,15,Bogota,Urbana,M,81,0,,391.24
799,264,Valle,Urbana,H,64,1,860000.0,475.75
12,250,Bogota,Urbana,M,79,0,,384.42
1010,209,Narino,Urbana,H,36,0,,343.15
637,295,Antioquia,Urbana,H,66,0,,327.76
486,110,Santander,Rural,M,33,1,640000.0,397.19
463,230,Antioquia,Urbana,M,48,1,1483000.0,154.96
539,293,Valle,Rural,M,74,0,,444.32
628,372,Antioquia,Rural,H,32,1,2939000.0,325.41
282,33,Valle,Urbana,M,45,1,724000.0,258.88
254,10,Antioquia,Urbana,M,6,,,132.98
708,220,Valle,Urbana,M,13,,,322.23
1084,268,Bogota,Urbana,H,77,1,667000.0,192.63
1174,364,Antioquia,Urbana,M,89,0,,282.17
224,105,Bogota,Urbana,M,50,1,830000.0,139.2
578,267,Narino,Urbana,H,16,1,1180000.0,423.06
673,208,Bogota,Urbana,M,24,1,782000.0,385.52
814,179,Antioquia,Rural,M,48,0,,211.11
220,86,Narino,Urbana,H,11,,,169.58
1005,259,Bogota,Urbana,H,59,1,1402000.0,441.09
426,196,Narino,Urbana,M,23,0,,421.04
370,132,Santander,Rural,H,3,,,345.38
987,160,Santander,Urbana,H,45,1,1857000.0,363.32
70,321,Antioquia,Urbana,H,30,1,1134000.0,208.81
191,238,Antioquia,Urbana,M,76,0,,321.76
581,54,Santander,Rural,H,30,0,,253.76
22,317,Antioquia,Urbana,M,81,1,801000.0,143.14
78,68,Antioquia,Rural,H,24,1,2074000.0,410.29
548,97,Bogota,Urbana,M,73,1,2960000.0,335.5
336,129,Santander,Urbana,M,56,1,1265000.0,251.15
749,220,Santander,Urbana,H,70,0,,344.74
406,275,Narino,Urbana,M,49,0,,201.49
1071,399,Bogota,Urbana,H,35,1,1356000.0,234.79
827,219,Valle,Urbana,H,53,1,,414.78
126,320,Bogota,Urbana,M,61,0,,130.27
229,94,Santander,Rural,M,41,0,,132.27
758,148,Bogota,Urbana,H,76,0,,175.93
43,160,Bogota,Urbana,M,82,0,,391.83
517,311,Bogota,Rural,M,50,1,1204000.0,194.57
890,294,Antioquia,Urbana,M,18,1,1449000.0,394.42
937,6,Narino,Urbana,M,16,0,,331.94
909,116,Antioquia,Urbana,M,46,0,,296.71
573,116,Santander,Rural,H,83,0,,337.13
577,151,Valle,Rural,M,89,0,,284.94
1086,393,Bogota,Urbana,M,14,,,383.09
622,201,Antioquia,Urbana,M,14,,,122.69
768,56,Antioquia,Rural,M,69,0,,297.63
744,67,Valle,Urbana,H,18,0,,369.25
375,309,Bogota,Urbana,M,75,0,,360.79
206,304,Santander,Urbana,H,84,0,,392.83
317,239,Valle,Rural,H,75,0,,130.27
665,112,Bogota,Rural,H,30,0,,214.52
967,6,Bogota,Urbana,H,75,0,,301.29
7,117,Narino,Urbana,M,68,1,4467000.0,144.47
1097,43,Bogota,Urbana,H,34,1,5000000.0,389.54
803,339,Antioquia,Urbana,M,89,1,1848000.0,471.95
787,197,Narino,Urbana,M,83,1,730000.0,392.27
845,215,Narino,Rural,M,60,0,,254.43
494,120,Valle,Urbana,M,66,0,,159.86
920,189,Antioquia,Urbana,M,34,0,,250.54
1021,265,Santander,Urbana,H,32,0,,120.82
501,151,Antioquia,Urbana,H,22,0,,210.24
1195,70,Valle,Urbana,M,37,0,,136.07
1043,310,Bogota,Urbana,M,22,0,,316.88
934,136,Narino,Urbana,M,12,,,210.32
260,202,Valle,Urbana,M,82,1,2413000.0,468.47
283,20,Valle,Urbana,M,21,1,,361.92
980,44,Antioquia,Rural,H,35,1,2128000.0,437.4
635,209,Santander,Urbana,H,15,0,,217.64
591,181,Antioquia,Rural,H,77,1,750000.0,466.62
161,130,Bogota,Urbana,M,80,0,,396.77
950,232,Valle,Urbana,H,71,0,,157.61
475,255,Bogota,Urbana,H,86,1,1449000.0,460.28
456,388,Santander,Rural,M,7,,,255.06
321,153,Valle,Rural,M,67,0,,182.82
435,35,Antioquia,Rural,M,77,1,935000.0,240.78
1172,329,Antioquia,Urbana,M,40,0,,242.16
300,286,Santander,Urbana,H,73,0,,438.3
437,214,Antioquia,Urbana,H,71,1,1384000.0,241.12
1107,116,Narino,Urbana,H,47,1,1563000.0,237.93
439,117,Bogota,Urbana,M,44,1,1181000.0,208.83
326,123,Antioquia,Urbana,M,12,,,332.56
404,199,Bogota,Urbana,H,67,0,,120.83
565,281,Bogota,Urbana,H,58,1,1435000.0,461.05
293,377,Bogota,Urbana,M,13,,,212.33
279,372,Bogota,Urbana,M,30,0,,229.98
656,10,Bogota,Urbana,M,87,0,,241.92
733,319,Valle,Urbana,M,16,0,,156.19
554,11,Narino,Urbana,M,0,,,232.33
95,215,Antioquia,Rural,M,8,,,397.1
1148,24,Bogota,Urbana,M,58,1,2139000.0,346.87
246,308,Santander,Rural,H,33,1,1993000.0,254.67
946,4,Valle,Rural,M,25,0,,342.06
776,209,Bogota,Urbana,M,39,1,1535000.0,164.9
427,263,Bogota,Urbana,H,71,0,,432.54
150,242,Bogota,Rural,M,66,0,,318.24
227,26,Narino,Urbana,M,62,1,1341000.0,163.51
866,106,Bogota,Urbana,H,10,,,388.58
968,386,Antioquia,Rural,M,59,1,1195000.0,313.14
901,155,Antioquia,Rural,M,43,0,,377.22
700,134,Valle,Urbana,M,28,1,1341000.0,247.3
602,351,Valle,Urbana,H,11,,,147.95
218,271,Valle,Urbana,H,45,1,1239000.0,424.75
818,375,Valle,Urbana,M,2,,,302.66
221,10,Antioquia,Urbana,H,79,1,1772000.0,382.14
214,296,Valle,Rural,M,51,0,,150.95
1129,217,Santander,Urbana,M,58,1,1048000.0,460.7
908,346,Antioquia,Urbana,M,25,1,2063000.0,126.23
395,235,Narino,Urbana,H,32,0,,233.87
368,257,Narino,Urbana,H,57,1,2062000.0,161.87
925,155,Santander,Urbana,H,80,0,,397.5
13,264,Santander,Urbana,H,56,0,,167.27
1122,58,Santander,Rural,M,69,0,,259.51
235,177,Antioquia,Urbana,M,72,0,,258.4
696,385,Bogota,Urbana,H,51,1,1481000.0,151.78
1140,279,Antioquia,Urbana,M,53,1,795000.0,121.33
1075,190,Valle,Urbana,M,25,1,1817000.0,172.78
64,318,Narino,Rural,M,8,,,370.59
735,249,Santander,Urbana,M,42,1,5090000.0,433.23
1024,23,Bogota,Urbana,H,24,1,1242000.0,129.98
965,181,Bogota,Urbana,H,60,1,2292000.0,202.93
608,378,Bogota,Urbana,M,68,0,,209.19
14,97,Santander,Urbana,H,3,,,163.44
840,241,Antioquia,Rural,M,18,1,1657000.0,149.15
436,277,Santander,Urbana,H,25,1,3351000.0,244.32
18,295,Santander,Urbana,M,16,1,2281000.0,222.98
765,228,Antioquia,Rural,M,57,1,1190000.0,437.08
349,108,Valle,Urbana,H,89,1,860000.0,140.34
208,336,Narino,Urbana,M,35,1,,412.1
342,230,Valle,Urbana,M,33,0,,163.24
345,315,Bogota,Urbana,H,24,0,,273.2
1088,148,Bogota,Urbana,M,5,,,216.46
1116,331,Narino,Urbana,H,11,,,171.29
552,327,Bogota,Urbana,H,37,1,3309000.0,436.54
599,162,Bogota,Rural,H,14,,,263.78
33,297,Narino,Urbana,H,54,0,,163.31
373,327,Valle,Urbana,M,60,1,1166000.0,420.79
658,25,Valle,Urbana,M,28,0,,183.46
173,287,Valle,Urbana,H,39,1,3079000.0,324.87
1087,218,Bogota,Urbana,M,35,1,1865000.0,311.48
409,299,Valle,Urbana,M,52,1,3045000.0,130.52
1051,214,Valle,Urbana,H,88,0,,231.47
1159,129,Antioquia,Urbana,M,72,1,784000.0,338.73
201,232,Santander,Rural,M,39,1,1342000.0,212.76
861,284,Bogota,Urbana,M,8,,,136.39
1134,45,Narino,Urbana,M,20,1,1065000.0,341.0
1117,123,Valle,Urbana,M,69,0,,373.85
284,53,Valle,Urbana,M,80,0,,458.1
490,236,Valle,Urbana,H,10,,,437.25
1142,37,Antioquia,Rural,M,11,,,184.55
213,377,Bogota,Rural,M,58,0,,271.51
134,232,Narino,Urbana,H,54,1,1731000.0,243.93
61,392,Bogota,Rural,H,85,1,1674000.0,200.8
691,143,Antioquia,Rural,H,47,1,1062000.0,351.58
27,48,Antioquia,Urbana,M,4,,,351.65
101,354,Santander,Rural,H,22,0,,144.83
975,355,Antioquia,Urbana,H,8,,,285.15
777,387,Santander,Urbana,M,80,0,,199.22
789,307,Valle,Urbana,H,69,0,,424.71
521,117,Valle,Rural,M,60,1,1257000.0,231.4
364,333,Valle,Urbana,H,28,1,1115000.0,181.27
310,106,Valle,Urbana,M,25,1,812000.0,232.19
796,324,Antioquia,Urbana,M,78,1,1997000.0,321.36
829,280,Antioquia,Rural,H,42,0,,445.04
545,90,Narino,Urbana,M,27,1,679000.0,161.26
940,241,Antioquia,Urbana,M,36,1,1007000.0,235.94
442,150,Bogota,Urbana,M,9,,,164.47
648,76,Antioquia,Rural,H,8,,,222.45
1004,108,Bogota,Rural,M,5,,,307.22
477,97,Antioquia,Urbana,H,15,0,,297.67
1047,127,Santander,Rural,H,60,0,,214.54
63,277,Valle,Urbana,H,26,1,755000.0,304.95
484,348,Santander,Urbana,H,24,0,,412.21
1027,344,Santander,Urbana,H,10,,,362.0
53,80,Santander,Urbana,H,38,1,3910000.0,376.01
243,335,Valle,Urbana,M,68,1,2041000.0,206.88
36,293,Santander,Urbana,H,81,1,897000.0,244.43
739,283,Bogota,Urbana,M,42,0,,411.61
121,64,Narino,Rural,M,70,0,,364.59
1167,255,Santander,Urbana,M,34,0,,237.55
1020,223,Antioquia,Rural,M,43,1,861000.0,386.05
45,260,Narino,Urbana,M,88,0,,283.52
837,103,Santander,Urbana,H,83,1,683000.0,333.21
77,189,Bogota,Rural,H,69,0,,242.69
369,173,Santander,Urbana,M,12,,,249.54
907,374,Bogota,Urbana,M,40,0,,450.9
268,44,Antioquia,Urbana,M,84,1,1858000.0,136.32
729,161,Bogota,Urbana,M,38,0,,454.69
445,171,Bogota,Urbana,H,6,,,323.54
504,186,Bogota,Urbana,H,10,,,149.03
1058,396,Valle,Rural,M,45,1,900000.0,253.3
1034,10,Narino,Rural,H,62,0,,402.99
286,251,Antioquia,Urbana,H,55,0,,321.55
296,238,Bogota,Urbana,H,88,0,,130.24
626,131,Bogota,Rural,M,3,,,145.22
278,371,Bogota,Urbana,M,3,,,211.42
1160,24,Antioquia,Urbana,M,0,,,467.68
485,370,Valle,Urbana,H,2,,,338.21
183,183,Bogota,Urbana,M,55,0,,358.63
971,117,Valle,Urbana,M,54,0,,129.58
1187,80,Narino,Urbana,H,27,0,,230.77
685,379,Valle,Urbana,M,55,0,,318.81
1197,225,Valle,Urbana,M,60,0,,346.03
37,138,Narino,Urbana,M,84,0,,152.65
3,283,Santander,Rural,H,36,0,,296.03
755,286,Valle,Urbana,H,6,,,451.96
509,38,Antioquia,Urbana,H,46,1,1406000.0,124.56
498,137,Bogota,Rural,H,41,0,,363.87
309,171,Valle,Urbana,H,18,1,2592000.0,175.31
142,94,Bogota,Urbana,M,71,0,,265.72
865,166,Narino,Urbana,M,17,0,,134.78
184,10,Antioquia,Urbana,H,37,1,1018000.0,418.3
1179,359,Antioquia,Rural,M,57,1,3166000.0,422.29
1011,369,Valle,Rural,M,58,0,,302.14
913,129,Santander,Urbana,M,45,1,3014000.0,344.05
849,82,Bogota,Urbana,M,28,0,,452.6
512,290,Narino,Urbana,H,79,0,,450.24
732,229,Santander,Urbana,M,4,,,391.71
997,195,Bogota,Rural,H,54,1,1729000.0,274.65
888,355,Antioquia,Urbana,M,20,0,,406.12
118,90,Antioquia,Urbana,H,27,1,652000.0,362.3
1026,16,Antioquia,Rural,M,50,0,,447.07
114,384,Narino,Urbana,M,20,1,1636000.0,141.96
546,140,Bogota,Urbana,M,85,0,,165.3
166,268,Valle,Rural,H,89,1,,128.02
185,105,Bogota,Urbana,M,72,1,1152000.0,461.29
275,138,Santander,Rural,H,10,,,454.91
1002,62,Narino,Urbana,M,86,1,2429000.0,479.34
705,169,Narino,Rural,M,56,0,,442.53
1025,19,Bogota,Rural,H,49,1,1142000.0,200.8
384,344,Antioquia,Urbana,H,56,0,,310.27
562,51,Antioquia,Urbana,H,39,1,1970000.0,435.82
863,39,Bogota,Rural,M,57,0,,140.6
1045,46,Bogota,Urbana,H,33,1,1065000.0,275.82
177,224,Bogota,Rural,M,42,0,,207.97
380,249,Antioquia,Urbana,M,72,1,835000.0,472.63
1017,307,Narino,Urbana,M,72,1,1016000.0,304.91
520,225,Santander,Urbana,H,38,1,2381000.0,159.7
831,357,Santander,Urbana,M,43,1,1028000.0,456.29
508,287,Bogota,Rural,H,35,0,,210.55
1177,90,Valle,Urbana,H,55,1,1085000.0,408.38
414,89,Bogota,Urbana,H,65,1,2738000.0,450.15
623,37,Santander,Urbana,M,62,0,,346.59
873,79,Valle,Urbana,H,14,,,326.03
859,47,Bogota,Urbana,H,61,1,1625000.0,396.54
642,164,Bogota,Urbana,M,35,1,1500000.0,444.13
259,327,Bogota,Urbana,M,67,1,1247000.0,465.19
835,182,Bogota,Urbana,H,79,1,905000.0,420.57
663,321,Valle,Urbana,H,13,,,138.56
338,95,Bogota,Rural,M,30,1,1656000.0,137.74
399,357,Bogota,Rural,M,39,0,,352.87
606,32,Antioquia,Rural,H,19,1,566000.0,394.46
481,184,Antioquia,Urbana,M,11,,,216.53
1144,236,Santander,Urbana,M,42,0,,453.19
918,175,Bogota,Urbana,H,81,0,,280.28
1018,343,Santander,Urbana,M,25,1,878000.0,352.18
876,39,Valle,Urbana,M,20,0,,351.03
660,232,Antioquia,Urbana,H,16,0,,262.03
1022,356,Antioquia,Urbana,H,54,0,,181.66
790,116,Narino,Rural,M,22,0,,448.08
257,312,Valle,Urbana,M,84,0,,165.92
969,329,Santander,Urbana,H,5,,,375.88
953,266,Antioquia,Urbana,M,42,1,2919000.0,204.22
